{
  "connectorName": "dbconnector",
  "operationName": "executeQuery",
  "title": "Execute Query",
  "help": "<h1>DB Connector</h1> <b>The DB connector supports MySQL, Oracle, MSSQL and PostgreSQL databases for handling database operations</b>",
  "elements": [
    {
      "type": "attributeGroup",
      "value": {
        "groupName": "General",
        "elements": [
          {
            "type": "attribute",
            "value": {
              "name": "configRef",
              "displayName": "Database Connection",
              "inputType": "connection",
              "allowedConnectionTypes": [
                "MySQL",
                "PostgreSQL",
                "Microsoft SQL Server"
              ],
              "defaultType": "MYSQL",
              "defaultValue": "",
              "required": "true",
              "helpTip": "DB connection to be used"
            }
          },
          {
            "type": "attributeGroup",
            "value": {
              "groupName": "Basic",
              "elements": [
                {
                  "type": "attribute",
                  "value": {
                    "readOnly": true,
                    "readonly": "readonly",
                    "name": "query",
                    "displayName": "Query",
                    "inputType": "expressionTextArea",
                    "defaultValue": "",
                    "required": "true",
                    "helpTip": "Query to execute"
                  }
                },
                {
                  "type": "attribute",
                  "value": {
                    "name": "format",
                    "displayName": "Output Format",
                    "inputType": "combo",
                    "comboValues": ["json", "xml", "csv", "text"],
                    "defaultValue": "json",
                    "required": "true",
                    "helpTip": "Output format of the query result (json, xml, csv, text)"
                  }
                },
                {
                  "type": "attribute",
                  "value": {
                    "name": "resultPropertyName",
                    "displayName": "Result",
                    "inputType": "string",
                    "defaultValue": "result",
                    "required": "true",
                    "helpTip": "Property name to store the query result"
                  }
                }
              ]
            }
          },
          {
            "type": "attributeGroup",
            "value": {
              "groupName": "Advanced",
              "elements": [
                {
                  "type": "attribute",
                  "value": {
                    "name": "fetchSize",
                    "displayName": "Fetch Size",
                    "inputType": "stringOrExpression",
                    "defaultValue": "",
                    "required": "false",
                    "helpTip": "Number of rows to fetch at a time"
                  }
                },
                {
                  "type": "attribute",
                  "value": {
                    "name": "maxRows",
                    "displayName": "Max Rows",
                    "inputType": "stringOrExpression",
                    "defaultValue": "",
                    "required": "false",
                    "helpTip": "Maximum number of rows to return"
                  }
                },
                {
                  "type": "attribute",
                  "value": {
                    "name": "queryTimeout",
                    "displayName": "Query Timeout",
                    "inputType": "stringOrExpression",
                    "defaultValue": "",
                    "required": "false",
                    "helpTip": "Query timeout in seconds"
                  }
                },
                {
                  "type": "attribute",
                  "value": {
                    "name": "transactionIsolation",
                    "displayName": "Transaction Isolation (If set, this query will be executed in a separate transaction)",
                    "inputType": "combo",
                    "comboValues": ["TRANSACTION_NONE", "TRANSACTION_READ_COMMITTED", "TRANSACTION_READ_UNCOMMITTED", "TRANSACTION_REPEATABLE_READ", "TRANSACTION_SERIALIZABLE"],
                    "defaultValue": "TRANSACTION_NONE",
                    "required": "false",
                    "helpTip": "Transaction isolation level"
                  }
                }
              ]
            }
          }
        ]
      }
    }
  ]
}
