{
    "connectorName": "dbconnector",
    "connectionName": "PostgreSQL",
    "title": "PostgresSQL Databse Connection Configuration",
    "help": "<h1>Database connector</h1> <b>The database connector provides the capability to connect to databases and perform various operations</b>",
    "elements": [
      {
        "type": "attribute",
        "value": {
          "name": "connectionName",
          "displayName": "Connection Name",
          "inputType": "string",
          "defaultValue": "DB_CONNECTION_1",
          "required": "true",
          "helpTip": "The name for the database connection",
          "validation": "nameWithoutSpecialCharactors"
        }
      },
      {
        "type": "attributeGroup",
        "value": {
          "groupName": "General",
          "elements": [
            {
              "type": "attributeGroup",
              "value": {
                "groupName": "Basic",
                "elements": [
                  {
                    "type": "attribute",
                    "value": {
                      "name": "dbUrl",
                      "displayName": "Database URL",
                      "inputType": "string",
                      "defaultValue": "jdbc:pstgresql://localhost:5432/database",
                      "required": "true",
                      "helpTip": "The URL of the database"
                    }
                  },
                  {
                    "type": "attribute",
                    "value": {
                      "name": "dbUser",
                      "displayName": "Database Username",
                      "inputType": "string",
                      "defaultValue": "",
                      "required": "true",
                      "helpTip": "The username to connect to the database"
                    }
                  },
                  {
                    "type": "attribute",
                    "value": {
                      "name": "dbPassword",
                      "displayName": "Database Password",
                      "inputType": "string",
                      "defaultValue": "",
                      "required": "false",
                      "helpTip": "The password to connect to the database"
                    }
                  },
                  {
                    "type": "attribute",
                    "value": {
                      "name": "driverClass",
                      "displayName": "JDBC Driver Class",
                      "inputType": "string",
                      "defaultValue": "org.postgresql.Driver",
                      "required": "true",
                      "helpTip": "The JDBC driver class"
                    }
                  },
                  {
                    "type": "attribute",
                    "value": {
                      "name": "driverPath",
                      "displayName": "JDBC Driver Path",
                      "inputType": "string",
                      "defaultValue": "",
                      "required": "false",
                      "helpTip": "The path to the JDBC driver"
                    }
                  },
                  {
                    "type": "attribute",
                    "value": {
                      "name": "userConsent",
                      "displayName": "Allow access to database metadata (for enhanced user experience)",
                      "inputType": "boolean",
                      "defaultValue": "true",
                      "required": "false",
                      "helpTip": "Check to allow access"
                    }
                  }
                ]
              }
            }
          ]
        }
      },
      {
        "type": "attributeGroup",
        "value": {
          "groupName": "Advanced",
          "elements": [
            {
              "type": "attribute",
              "value": {
                "name": "isPassive",
                "displayName": "Is Passive",
                "inputType": "boolean",
                "defaultValue": "true",
                "required": "false",
                "helpTip":"True if to enter into passive mode"
              }
            }
          ]
        }
      }
    ]
  }
  