<component name="operations" type="synapse/template">
  <subComponents>
    <component name="executeQuery">
      <file>executeQuery.xml</file>
      <description>Execute database query</description>
    </component>
    <component name="select">
       <file>select.xml</file>
        <description>Select query</description>
    </component>
    <component name="insert">
       <file>insert.xml</file>
        <description>Insert query</description>
    </component>
    <component name="update">
       <file>update.xml</file>
        <description>Update query</description>
    </component>
    <component name="delete">
       <file>delete.xml</file>
        <description>Delete query</description>
    </component>
    <component name="storedProcedure">
       <file>storedProcedure.xml</file>
        <description>Stored procedure</description>
    </component>

    <!-- transactions -->
    <component name="beginTransaction">
       <file>beginTransaction.xml</file>
        <description>Begin transaction</description>
    </component>
    <component name="commitTransaction">
       <file>commitTransaction.xml</file>
        <description>Commit transaction</description>
    </component>
    <component name="rollbackTransaction">
       <file>rollbackTransaction.xml</file>
        <description>Rollback transaction</description>
    </component>

    <!-- 
    <component>
       <file>insert.xml</file>
        <description>Insert query</description>
    </component>
    <component>
       <file>update.xml</file>
        <description>Update query</description>
    </component>
    <component>
       <file>delete.xml</file>
        <description>Delete query</description>
    </component> -->
  </subComponents>
</component>