<template xmlns="http://ws.apache.org/ns/synapse" name="delete">
    <parameter name="query" />
    <parameter name="preparedStmt" />
    <parameter name="columnNames" />
    <parameter name="columnTypes" />
    <parameter name="format" />
    <parameter name="table" />

    <parameter name="columns" />
    <parameter name="queryType" />

    <parameter name="queryTimeout" />
    <parameter name="fetchSize" />
    <parameter name="maxRows" />
    <parameter name="transactionIsolation" />

    <parameter name="resultPropertyName" description="Property to store result set" />
    
    <sequence>
        <class name="org.wso2.carbon.esb.connector.operations.ExecuteQuery">
            <property name="queryTimeout" expression="$func:queryTimeout" />
            <property name="fetchSize" expression="$func:fetchSize" />
            <property name="maxRows" expression="$func:maxRows" />
            <property name="resultPropertyName" expression="$func:resultPropertyName" />
            <property name="columns" expression="$func:columns"/>
            
            <property name="operation" value="DELETE" />
        </class>
    </sequence>
</template>