<template xmlns="http://ws.apache.org/ns/synapse" name="executeQuery">
    <parameter name="query" />
    <parameter name="format" />
    <parameter name="resultPropertyName" description="Property to store result set"/>
    
    <parameter name="queryTimeout" />
    <parameter name="fetchSize" />
    <parameter name="maxRows" />
    <parameter name="transactionIsolation" />
    
    <sequence>
        <class name="org.wso2.carbon.esb.connector.operations.ExecuteQuery">
            <property name="operation" value="EXECUTE_QUERY"/>
        </class>
    </sequence>
</template>
