<template xmlns="http://ws.apache.org/ns/synapse" name="storedProcedure">
    <parameter name="query" />
    <parameter name="parameters" description="Query parameters"/>
    <parameter name="resultPropertyName" description="Property to store result set"/>

    <parameter name="dbUrl" description="Database URL"/>
    <parameter name="dbUser" description="Database username"/>
    <parameter name="dbPassword" description="Database password"/>
    <parameter name="driverClass" description="JDBC driver class"/>
    
    <!-- <parameter name="connectionPool" description="Connection pool configuration"/> -->

    <sequence>
        <class name="org.wso2.carbon.esb.connector.operations.ExecuteQuery">
            <property name="operation" value="CALL"/>
        </class>
    </sequence>
</template>
