<template xmlns="http://ws.apache.org/ns/synapse" name="executeQuery">
    <parameter name="query" />
    <!-- <parameter name="parameters" description="Query parameters (JSON array)"/> -->
    <parameter name="parameters" description="Query parameters"/>
    <parameter name="resultPropertyName" description="Property to store result set"/>

    <parameter name="dbUrl" description="Database URL"/>
    <parameter name="dbUser" description="Database username"/>
    <parameter name="dbPassword" description="Database password"/>
    <parameter name="driverClass" description="JDBC driver class"/>
    <parameter name="connectionPool" description="Connection pool configuration"/>

    <!-- <property name="operationPath" value="/act_{ad_account_id}/ads"/>
    <property name="pathParameters" value="adAccountId,"/>
    <property name="queryParameters" value="datePreset,effectiveStatus,timeRange,updatedSince,fields,"/> -->

    <sequence>
        <!-- <log level="full">
            <property name="*******template_param********" expression="$func:query" />
        </log> -->
        <!-- <property name="operation" value="select"/> -->
        <!-- <class name="org.wso2.carbon.esb.connector.operations.ExecuteQuery"/> -->
        <!-- <class name="org.wso2.carbon.esb.connector.operations.ExecuteQuery"/> -->

        <class name="org.wso2.carbon.esb.connector.operations.ExecuteQuery">
            <!-- <property name="operationPath" value="/act_{ad_account_id}/ads"/> -->
            <!-- <property name="pathParameters" value="adAccountId,"/> -->
            <property name="operation" value="SELECT"/>
        </class>

        <!-- TODO: set default value to the operation param as SELECT -->

        <!-- <class name="org.wso2.carbon.facebook.ads.connector.RestURLBuilder">
            <property name="operationPath" value="/act_{ad_account_id}/ads"/>
            <property name="pathParameters" value="adAccountId,"/>
            <property name="queryParameters" value="datePreset,effectiveStatus,timeRange,updatedSince,fields,"/>
        </class> -->
    </sequence>
</template>

<!-- <template name="executeQuery" xmlns="http://ws.apache.org/ns/synapse">
    <parameter name="query" description="SQL query to execute"/>
    <parameter name="parameters" description="Query parameters (JSON array)"/>
    <parameter name="resultPropertyName" description="Property to store result set"/>

    <parameter name="dbUrl" description="Database URL"/>
    <parameter name="dbUser" description="Database username"/>
    <parameter name="dbPassword" description="Database password"/>
    <parameter name="driverClass" description="JDBC driver class"/>
    <parameter name="connectionPool" description="Connection pool configuration"/>
    <sequence>
        <property name="dbUrl" expression="$func:dbUrl"/>
        <property name="dbUser" expression="$func:dbUser"/>
        <property name="dbPassword" expression="$func:dbPassword"/>
        <property name="driverClass" expression="$func:driverClass"/>

        <property name="operation" value="executeQuery"/>
        <property name="query" expression="$func:query"/>
        <property name="parameters" expression="$func:parameters"/>
        <property name="resultPropertyName" expression="$func:resultPropertyName"/>
        <class name="org.wso2.carbon.esb.connector.operations.ExecuteQuery"/>
        <class name="org.wso2.carbon.esb.connector.dbconnectorConnector" />
    </sequence>
</template> -->