<?xml version="1.0" encoding="UTF-8"?>
<!--
   Copyright (c) 2017, WSO2 Inc. (http://www.wso2.org) All Rights Reserved.

   WSO2 Inc. licenses this file to you under the Apache License,
   Version 2.0 (the "License"); you may not use this file except
   in compliance with the License.
   You may obtain a copy of the License at

   http://www.apache.org/licenses/LICENSE-2.0

   Unless required by applicable law or agreed to in writing,
   software distributed under the License is distributed on an
   "AS IS" BASIS, WITHOUT WARRANTIES OR CONDITIONS OF ANY
   KIND, either express or implied. See the License for the
   specific language governing permissions and limitations
   under the License.
-->
<template name="init" onError="fault" xmlns="http://ws.apache.org/ns/synapse">
	<!-- <parameter name="username" />
	<parameter name="password" /> -->

   
   <!-- <parameter name="connectionType" description="Protocol to communicate with file system. Possible values 'LOCAL', 'SMB2', 'FTP', 'FTPS', 'SFTP'"/> -->
   <!-- <parameter name="connectionType" description="Database type to connect. Possible values 'MYSQL', 'ORACLE', 'MSSQL', 'POSTGRESQL', 'DB2', 'H2', 'HSQLDB', 'SYBASE', 'INFORMIX', 'DERBY', 'SQLSERVER', 'HANA', 'HIVE', 'HBASE', 'CASSANDRA', 'DB2Z', 'DB2I"/> -->

	<parameter name="name" description="Unique name the connection is identified by"/>
   <parameter name="connectionType" description="Database type to connect. Possible values 'MYSQL', 'ORACLE', 'MSSQL', 'POSTGRESQL'" />
   <parameter name="dbUrl" description="Database URL"/>
   <parameter name="dbUser" description="Database username"/>
   <parameter name="dbPassword" description="Database password"/>
   <parameter name="driverClass" description="JDBC driver class"/>
   <parameter name="driverPath" description="JDBC driver path"/>

   <sequence>
      <property name="name" expression="$func:name"/>
      
      <class name="org.wso2.carbon.esb.connector.operations.DBConfig" />
	</sequence>
</template>